Name,Address
Ivan Draganov,"ul. Shipka 34, 1000 Sofia, Bulgaria"
Leon Wu,"1 Guanghua Road, Beijing, China 100020"
Ilona Ilieva,"ул. Шипка 34, София, България"
Dragan Doichinov,"Shipka Street 34, Sofia, Bulgaria"
Li Deng,"1 Guanghua Road, Chaoyang District, Beijing, P.R.C 100020"
Frieda Müller,"Konrad-Adenauer-Straße 7, 60313 Frankfurt am Main, Germany"
John Smith,"237 Park Avenue, Suite 900, New York, USA"
Lisa Stevens,"237 Park Ave STE 900, New York, NY 10017, USA"
Susan S.,"One Sansome Street, Suite 2900, California, USA"
Anna D.,"230 Park Avenue, 7th floor, Manhattan, New York County, USA"
Pedro Campos,"230 Park Ave 7th floor, New York, NY 10169, USA"
Fabian Schmidt,"Bellerive 241, 8034 Zürich, Switzerland"
Arthur Strong,"N° 2, St James's Market, London SW1Y 4AH, United Kingdom"
Noah Fisher,"1 St James's Market, London SW1Y 4AH, United Kingdom"
David S.,"2 St James's Market, London, United Kingdom"
Jack Dong,"12 Guanghua Road, Chaoyang District, Beijing, P.R.C 100020"
Stanley Pavlov,"Shipka Street 34, 1504 Sofia, Bulgaria"
Валери Праматаров,"ул. Шипка 33, София, България"
Sam Heller,"Löwenst. 17, Zürich, Switzerland"
